type,name,,,
top,./src/ipm_ID1000500A_convolution.v,,,
file,./scr/ID1000500A_aip.v,,,
file,./scr/ID1000500A_convolution.v,,,
file,./scr/ID1000500A_conv_processor.v,,,
file,./scr/ID1000500A_conv_processor_FSM.v,,,
file,./scr/ID1000500A_conv_processor_mux2to1.v,,,
file,./scr/ID1000500A_conv_processor_mux3to1.v,,,
file,./scr/ID1000500A_conv_processor_register.v,,,
file,../basicblocks/memories/simple_dual_port_ram_single_clk.v,,,
file,../basicblocks/aip/aipModules.v,,,
file,../basicblocks/ipm/ipm.v,,,
file,../basicblocks/ipm/ipm_register.v,,,
